earn,height,sex,race,ed,age
79571.299011024,73.89,male,white,16.0,49.0
96396.9886433106,66.23,female,white,16.0,62.0
48710.666947391,63.77,female,white,16.0,33.0
80478.0961525837,63.22,female,other,16.0,95.0
82089.3454983326,63.08,female,white,17.0,43.0
15313.3529014342,,female,white,15.0,30.0
47104.1718212293,61.54,female,white,12.0,53.0
50960.0542820731,73.29,male,white,17.0,50.0
3212.6495560539,72.24,male,hispanic,15.0,25.0
42996.6378844038,72.4,male,white,12.0,30.0
10328.6188426045,70.22,male,white,16.0,69.0
1002.30715511839,63.15,female,white,14.0,54.0
47597.8198637099,68.11,male,white,11.0,38.0
19019.5422985066,68.08,male,white,12.0,31.0
20063.9966387225,64.86,female,white,12.0,55.0
992.832346303227,60.06,female,white,12.0,31.0
35972.1711232638,66.01,female,white,16.0,39.0
26930.5439643451,68.07,male,white,12.0,62.0
,68.16,female,white,14.0,33.0
69993.6930698179,70.02,male,white,13.0,48.0
1000.21830625211,67.08,female,white,9.0,25.0
12131.8221152514,64.2,female,black,12.0,59.0
84223.3979186057,72.76,male,black,13.0,39.0
8949.47493547637,62.17,female,white,13.0,55.0
,63.04,female,white,14.0,25.0
8750.13918500201,66.67,male,white,14.0,26.0
64593.5998054014,65.95,female,white,12.0,45.0
54079.8149454029,71.69,male,white,12.0,49.0
,62.76,female,black,12.0,39.0
-95.7102792312691,68.46,male,white,11.0,25.0
43938.8576046547,64.07,female,white,16.0,64.0
1004.09561369181,60.0,female,white,12.0,48.0
79478.0468181047,71.97,male,white,16.0,42.0
984.761813301634,68.25,female,white,12.0,59.0
65237.7700476547,76.68,male,white,16.0,37.0
978.872090839732,63.77,female,white,10.0,23.0
24845.4285917486,63.96,female,white,14.0,29.0
40754.1029736281,63.72,female,white,12.0,37.0
,71.92,male,white,17.0,43.0
42933.0122551917,68.12,male,white,17.0,35.0
20088.3114644238,64.48,female,white,12.0,30.0
12924.2239977829,60.94,female,white,14.0,82.0
48693.4797964477,67.19,female,black,14.0,35.0
34383.101849067,65.05,female,white,12.0,61.0
43928.4198331574,64.17,female,white,14.0,30.0
5782.248948451,66.49,female,white,15.0,69.0
40758.5577226173,,female,white,12.0,34.0
39162.8754520925,64.93,female,white,12.0,45.0
51896.846670074,67.02,female,white,18.0,33.0
16905.1408589265,67.49,female,white,17.0,34.0
1000.99111084442,70.03,female,white,12.0,61.0
18497.8538930071,60.61,female,hispanic,12.0,25.0
30740.47803689,64.92,female,white,13.0,36.0
32803.4426895406,62.0,female,white,12.0,33.0
5529.47149841489,72.16,male,white,10.0,22.0
20594.711211041,66.35,male,black,8.0,60.0
39816.5002027645,70.09,male,white,12.0,69.0
33327.5987832144,70.05,male,white,17.0,45.0
55067.7931193718,68.49,female,white,17.0,53.0
10545.4502477035,60.13,female,white,12.0,69.0
26979.2976737281,71.15,male,white,12.0,32.0
55634.1696790621,70.77,male,white,12.0,36.0
6380.09148122974,72.87,male,white,13.0,22.0
23264.3741899011,68.0,female,white,14.0,59.0
16918.2189161501,65.64,female,white,12.0,61.0
39676.2644997822,68.74,male,white,16.0,33.0
994.133503863912,63.02,female,white,8.0,67.0
26420.8322535518,62.8,female,white,14.0,31.0
986.449291094241,65.99,female,black,13.0,34.0
986.993627550926,64.66,female,white,12.0,30.0
25550.7559075621,62.04,male,hispanic,14.0,32.0
27235.2680173859,64.24,female,white,14.0,47.0
7354.05363222349,63.82,female,white,9.0,72.0
7101.32415873714,66.95,female,white,9.0,56.0
35041.7055007873,71.28,male,white,12.0,43.0
1318.87555348029,59.63,female,white,16.0,57.0
42343.3439688464,66.34,female,white,16.0,31.0
4985.24601643037,66.0,female,white,15.0,25.0
28022.6386657665,65.49,female,white,14.0,43.0
13729.6720245917,69.96,female,white,13.0,26.0
991.599966272541,64.79,female,white,13.0,67.0
20074.7729832596,66.35,female,white,13.0,72.0
16901.6558792008,62.09,female,white,12.0,51.0
16899.2184171763,65.83,female,white,15.0,71.0
999.338097135203,63.78,female,white,14.0,42.0
23831.5316537746,71.81,male,white,12.0,43.0
4812.71528146838,67.12,female,hispanic,8.0,43.0
47742.1252747604,68.19,male,hispanic,12.0,36.0
47655.590724269,69.76,male,white,12.0,37.0
16892.6857012084,,female,white,12.0,42.0
8934.46253020389,63.29,female,white,13.0,30.0
20099.9218436585,65.48,female,white,13.0,67.0
32803.3025937337,69.75,female,white,10.0,65.0
32811.8623722485,68.09,female,white,12.0,40.0
31765.8967813837,70.21,male,white,14.0,27.0
1001.00043870299,65.99,female,white,12.0,63.0
2907.2064170387,66.23,female,white,12.0,24.0
2115.67589682381,67.79,female,white,,36.0
31884.9092385098,69.94,male,white,16.0,31.0
16905.0220799872,60.75,female,hispanic,12.0,26.0
48686.3352313777,62.9,female,white,12.0,77.0
64606.3235215003,63.47,female,white,14.0,60.0
39751.1940297085,67.14,male,white,12.0,93.0
16881.7141614142,60.66,female,white,17.0,83.0
96382.8900908101,69.55,female,white,18.0,67.0
986.228613755399,63.46,female,white,12.0,25.0
29618.8251244886,67.83,female,white,12.0,70.0
26500.2429561617,64.39,female,white,12.0,37.0
24854.9727381481,67.01,female,black,14.0,34.0
15885.5195104926,68.79,male,white,17.0,27.0
53463.6223523582,67.05,female,white,13.0,47.0
29627.8222039787,67.83,female,white,12.0,34.0
24843.1748606049,63.03,female,white,12.0,41.0
,70.97,male,white,12.0,26.0
34374.0790977282,63.91,female,black,17.0,47.0
58834.1668506326,68.22,male,white,11.0,41.0
61429.1854058301,68.43,female,white,,48.0
28014.7345560315,65.53,female,hispanic,14.0,47.0
981.65670365787,66.13,female,white,12.0,33.0
996.182111287872,66.31,female,other,16.0,36.0
50924.6583604247,77.12,male,white,16.0,34.0
44729.6150466756,67.17,female,white,12.0,62.0
27223.3656953101,62.11,female,white,12.0,48.0
1007.70988015799,64.5,female,white,17.0,34.0
996.828601796463,71.96,female,white,12.0,55.0
40750.0226434449,67.42,female,white,18.0,39.0
43929.4541868987,61.17,female,white,18.0,47.0
8949.67101572717,63.6,female,white,12.0,32.0
112309.660734072,61.91,female,white,16.0,42.0
8939.55497630854,62.83,female,white,12.0,44.0
7932.57103394049,67.83,male,white,16.0,28.0
32800.8023474806,63.71,female,white,15.0,30.0
,71.36,male,white,15.0,25.0
96383.0764233227,64.0,female,white,16.0,39.0
8967.87647229583,60.96,female,white,13.0,35.0
47691.8764601662,74.21,male,white,12.0,42.0
111283.259406706,70.25,male,white,14.0,39.0
79481.9408160514,71.08,male,white,16.0,45.0
70960.3420883276,62.85,female,white,12.0,43.0
48722.16771983,63.61,female,white,14.0,47.0
997.891112569392,62.03,female,white,16.0,36.0
16912.1555694825,,female,white,16.0,44.0
37573.2990727913,70.15,female,white,17.0,46.0
1005.10722008903,62.1,female,white,12.0,43.0
71548.0876578581,70.76,male,white,17.0,66.0
23878.8111841365,71.04,male,white,14.0,35.0
7344.95757908863,69.86,female,white,14.0,75.0
26877.8701780781,67.02,male,white,14.0,35.0
48708.525626797,64.16,female,white,12.0,36.0
44711.1395351231,67.09,female,white,12.0,34.0
10044.7225146099,62.1,female,white,8.0,73.0
29611.1767650406,61.76,female,hispanic,13.0,60.0
68256.8967140838,67.95,male,black,13.0,48.0
51888.9713088147,62.5,female,black,14.0,48.0
995.46575719133,66.19,female,black,5.0,55.0
16887.1457287969,68.16,female,black,18.0,60.0
95449.6102254534,74.23,male,white,13.0,49.0
34383.7045204962,68.07,female,other,12.0,54.0
4807.83133117883,61.74,female,white,16.0,26.0
2587.63185305423,65.9,female,white,15.0,32.0
,68.18,male,white,12.0,31.0
11485.9945183583,60.18,female,hispanic,14.0,
25447.465302014,67.55,male,white,8.0,47.0
143095.852138569,72.09,male,white,12.0,30.0
13720.5053672839,66.27,female,white,12.0,46.0
31829.2883253981,67.86,male,white,10.0,36.0
,67.47,female,white,12.0,22.0
20078.9661907246,69.1,female,white,12.0,64.0
39165.2382046526,64.15,female,white,16.0,50.0
32794.5406477114,65.02,female,white,14.0,43.0
31207.4500897519,61.19,female,white,12.0,50.0
15970.26222705,71.89,male,white,12.0,53.0
64610.3579806432,66.19,female,white,16.0,38.0
991.628909680612,61.91,female,white,10.0,61.0
995.090910576791,59.91,female,hispanic,10.0,52.0
39783.9469489965,67.85,male,white,14.0,68.0
39684.6241268197,70.08,male,white,12.0,28.0
39724.6811008388,71.13,male,white,14.0,36.0
30201.5172441044,71.51,male,white,16.0,65.0
70051.7508949032,68.28,male,white,16.0,52.0
1007.95714596412,65.81,female,white,12.0,23.0
1012.93115242453,63.07,female,white,18.0,59.0
24854.2035992486,60.32,female,white,14.0,53.0
28036.2730849519,63.06,female,white,12.0,40.0
38198.250803332,67.61,male,white,12.0,60.0
37585.5211136113,63.65,female,white,12.0,41.0
20628.2955187112,70.44,male,white,12.0,78.0
,67.81,male,white,16.0,50.0
12129.4641155017,60.95,female,white,12.0,67.0
63635.6570881354,67.78,male,white,18.0,67.0
24843.7543318963,66.4,female,white,17.0,47.0
31795.5788124066,69.7,male,white,16.0,29.0
31852.2062255474,70.62,male,white,12.0,54.0
32804.6545498774,64.76,female,white,12.0,46.0
40747.1407845328,66.06,female,white,12.0,53.0
77889.5763942784,69.9,male,white,13.0,41.0
1010.19089949095,63.84,female,white,12.0,40.0
1009.69186942175,63.0,female,white,16.0,39.0
40750.8830526368,61.39,female,white,,69.0
18480.6824537285,66.26,female,white,14.0,61.0
26423.1293431361,60.8,female,white,15.0,42.0
55572.0362132959,72.0,male,white,14.0,47.0
198835.433852258,74.22,male,white,18.0,49.0
37566.5366877765,66.83,female,white,12.0,51.0
28022.2375146568,66.01,female,white,16.0,32.0
1016.49101336236,62.09,female,white,13.0,35.0
43933.83836836,62.21,female,white,12.0,45.0
111301.925090235,72.23,male,white,14.0,36.0
56639.2874902506,65.17,female,white,15.0,51.0
16899.2307482988,60.07,female,white,12.0,66.0
56646.5578023636,61.91,female,white,15.0,43.0
24858.2973709503,66.01,female,white,12.0,42.0
20065.3040015574,64.06,female,white,12.0,43.0
12641.1483677478,71.01,male,white,12.0,72.0
13742.373319619,65.32,female,white,12.0,54.0
55575.0908182266,,male,white,18.0,54.0
71500.598919884,68.92,male,white,11.0,55.0
997.072456516123,64.04,female,white,12.0,62.0
24845.7392111286,64.09,female,white,14.0,26.0
24831.1444642002,61.37,female,white,12.0,81.0
,67.06,female,white,18.0,55.0
40770.5860160793,61.68,female,white,13.0,36.0
,62.82,female,black,14.0,58.0
31727.703584918,66.64,male,other,10.0,32.0
39154.2544457864,67.86,female,white,12.0,28.0
69902.4752117052,72.3,male,white,16.0,50.0
109708.748822754,69.94,male,white,12.0,42.0
98535.1068275004,69.96,male,white,18.0,48.0
,67.17,male,black,14.0,36.0
32810.0439602876,62.83,female,black,12.0,37.0
51892.9423880023,65.68,female,other,18.0,39.0
40756.069498211,65.9,female,white,17.0,54.0
270275.894207949,71.07,male,white,18.0,49.0
1001.22511774436,66.07,female,black,11.0,33.0
55728.5899158062,66.9,male,white,16.0,37.0
63516.2793540724,76.48,male,black,16.0,42.0
52438.922964203,68.71,male,white,14.0,34.0
29615.6153757967,65.41,female,white,12.0,26.0
48695.6588978653,61.92,female,white,13.0,47.0
42341.7892935171,61.97,female,white,12.0,35.0
8962.40245588917,61.72,female,white,12.0,25.0
32800.6355705226,62.29,female,white,16.0,77.0
28011.6417041634,60.95,female,white,12.0,34.0
,65.16,female,white,14.0,32.0
23868.1473946433,72.0,male,white,14.0,26.0
981.194900092476,65.92,female,white,17.0,45.0
79510.340661361,72.13,male,white,14.0,59.0
13722.141363414,63.85,female,white,12.0,43.0
63693.4110882131,71.29,male,white,14.0,55.0
63610.4749987873,72.43,male,white,15.0,45.0
52085.5294649461,65.85,male,white,12.0,38.0
32803.4792304162,65.0,female,white,,73.0
58230.5879236984,64.9,female,black,15.0,43.0
10542.8902094512,61.48,female,white,12.0,68.0
20095.5458305818,65.97,female,black,14.0,38.0
95430.6104210465,66.78,male,white,14.0,67.0
64613.0668228329,64.3,female,white,13.0,48.0
69383.4258503022,63.28,female,white,12.0,42.0
72549.3620022462,67.36,female,white,16.0,38.0
10522.9175006923,67.83,female,white,18.0,43.0
13718.4543920556,64.51,female,other,10.0,86.0
32796.9508717817,63.87,female,black,13.0,43.0
27064.549819231,66.1,male,black,12.0,27.0
4182.39423494047,65.48,female,white,12.0,36.0
103364.476394143,64.43,male,white,12.0,32.0
79469.6826737892,72.13,male,white,12.0,45.0
998.682558355125,67.92,female,white,11.0,58.0
998.684495526987,62.69,female,white,11.0,33.0
18477.7803339031,67.83,female,white,12.0,42.0
55628.230922933,74.41,male,white,18.0,34.0
42838.8607714631,63.1,male,white,12.0,37.0
6565.33123484257,63.75,female,white,12.0,65.0
66836.7602543026,68.19,male,white,12.0,41.0
32800.535842363,66.94,female,white,18.0,33.0
24847.4675748411,66.65,female,white,12.0,33.0
15859.5314446913,72.86,male,white,12.0,25.0
1003.64167432293,62.21,female,white,12.0,52.0
9490.29690448586,69.22,male,white,8.0,82.0
28032.1868635186,64.95,female,hispanic,16.0,27.0
55589.0943127064,68.9,male,hispanic,16.0,69.0
44516.112502923,77.02,male,white,14.0,32.0
24848.5150235251,68.07,female,white,12.0,37.0
32819.8518440008,62.2,female,white,17.0,28.0
32807.4666688853,64.07,female,white,12.0,33.0
16671.5011254779,66.55,male,hispanic,12.0,46.0
20550.1150385843,70.19,male,white,16.0,26.0
16894.1454216893,62.2,female,white,12.0,56.0
5768.92665868558,62.71,female,white,12.0,41.0
39157.5819181736,61.99,female,white,14.0,33.0
998.503387403771,62.81,female,white,17.0,45.0
,68.84,female,white,13.0,39.0
18494.0961370381,64.28,female,white,12.0,52.0
1028.7967089839,64.52,female,white,14.0,41.0
51883.97214454,68.63,female,white,14.0,44.0
28035.1640643814,59.06,female,white,15.0,30.0
5764.82640107653,66.36,female,other,12.0,39.0
1000.43844737019,64.97,female,white,12.0,45.0
4330.56327434975,62.0,female,black,12.0,25.0
5042.87288471185,75.18,male,black,11.0,38.0
28044.017605739,62.99,female,white,17.0,30.0
48696.6894978227,65.03,female,white,13.0,32.0
23793.5962873794,70.02,male,white,12.0,36.0
39169.7206103304,68.32,female,white,16.0,46.0
16889.5158551673,65.01,female,white,14.0,71.0
79469.6524162958,69.22,male,white,8.0,57.0
79521.0309906084,71.7,male,white,16.0,57.0
32811.1171608666,63.65,female,white,17.0,53.0
48692.7045921071,62.84,female,hispanic,18.0,58.0
1000.81650997941,63.41,female,white,12.0,67.0
1019.52175123961,65.4,female,white,10.0,52.0
986.055083445869,63.07,female,white,5.0,62.0
35986.0131003784,73.2,female,white,14.0,49.0
42903.3817816247,74.77,male,white,12.0,28.0
7363.89520150288,65.14,female,white,12.0,42.0
28828.8892012243,66.55,female,white,17.0,30.0
,65.93,female,white,14.0,32.0
45524.391056089,63.91,female,white,16.0,43.0
83682.9635299098,66.1,female,white,18.0,54.0
,63.68,female,white,16.0,33.0
31210.0450199533,62.71,female,white,13.0,36.0
998.792806987374,62.75,female,white,13.0,48.0
42834.4504315573,72.72,male,white,12.0,27.0
23793.0568258544,72.0,male,white,8.0,62.0
1004.68819257564,66.06,female,white,12.0,28.0
23873.5673156157,71.94,male,white,14.0,37.0
24035.958990178,63.9,female,white,12.0,59.0
39149.8127118589,64.24,female,white,13.0,34.0
28581.7197594866,68.16,male,white,15.0,40.0
7351.36224357467,61.96,female,white,12.0,72.0
7350.34389591184,68.48,female,white,13.0,61.0
2098.28255691469,59.46,female,white,12.0,40.0
39169.7501351968,64.79,female,white,12.0,95.0
42926.3869579729,,male,white,12.0,43.0
20091.4931673901,71.41,female,white,12.0,39.0
35985.2005008923,62.08,female,white,18.0,51.0
48698.2042696945,62.21,female,white,13.0,40.0
55616.9724786137,71.55,male,white,12.0,65.0
31836.5309592245,73.79,male,white,12.0,46.0
51897.557115687,65.16,female,white,16.0,36.0
10565.080348061,62.79,female,other,12.0,35.0
,66.52,female,white,12.0,43.0
989.32483001483,65.05,female,white,16.0,48.0
16893.650618774,62.93,female,white,12.0,35.0
2583.37635997833,65.01,female,white,12.0,22.0
,63.83,female,white,15.0,75.0
26434.5356297357,65.19,female,white,12.0,40.0
990.632829899077,67.9,female,white,16.0,45.0
40730.7869181018,62.87,female,white,16.0,37.0
40751.8595966049,69.96,female,white,12.0,31.0
50933.4879483364,68.62,male,white,12.0,34.0
55621.9374127112,66.75,male,white,14.0,47.0
10538.8367190333,65.05,female,white,12.0,32.0
127210.627675111,69.39,male,white,14.0,48.0
32799.5880325174,67.7,female,white,14.0,29.0
2598.33597751564,66.37,female,white,17.0,42.0
44502.6875350514,71.38,male,hispanic,13.0,42.0
41290.7032034576,63.87,male,hispanic,16.0,27.0
42946.1384264164,74.16,male,white,12.0,28.0
29617.1242132711,61.92,female,white,13.0,45.0
4203.92493626903,64.84,female,white,12.0,63.0
31774.6724028254,69.09,male,white,12.0,70.0
10547.6593411727,66.08,female,white,16.0,52.0
998.222937309824,60.16,female,white,10.0,72.0
39793.2360685558,66.6,male,white,11.0,67.0
19083.0662723967,72.94,male,white,12.0,33.0
982.603707126398,65.13,female,white,18.0,30.0
19019.4383518021,76.02,male,white,12.0,61.0
47621.5506990729,70.14,male,white,14.0,80.0
1002.02789557595,64.18,female,white,12.0,34.0
7352.90609561772,63.0,female,black,15.0,26.0
42344.141216902,62.96,female,black,13.0,41.0
36597.1185121691,70.04,male,black,12.0,39.0
33372.9363140627,71.27,male,white,12.0,37.0
40755.6601213819,65.19,female,white,12.0,66.0
28578.7772496041,69.48,male,white,16.0,79.0
7372.74244873303,63.48,female,white,13.0,48.0
39006.1541350665,64.11,female,white,12.0,26.0
56653.7613128414,63.44,female,white,18.0,44.0
41312.4117058859,67.15,male,white,14.0,34.0
39767.884119698,65.82,male,white,16.0,40.0
38374.9264949555,68.18,female,white,13.0,31.0
20079.9007989922,64.7,female,white,12.0,26.0
24856.3852622375,66.85,female,white,12.0,24.0
,72.62,male,white,17.0,27.0
10538.599791571,63.68,female,white,12.0,71.0
22284.6898628754,70.77,male,white,12.0,73.0
24851.1945376469,63.17,female,white,16.0,35.0
278213.531775569,71.05,male,white,16.0,52.0
1012.72857450333,62.7,female,white,12.0,55.0
1605.96493256327,72.85,male,white,18.0,29.0
,64.92,female,white,14.0,67.0
71575.5885980481,65.94,male,white,13.0,86.0
24854.2581843483,66.21,female,white,12.0,85.0
32804.552369449,59.0,female,white,13.0,45.0
55626.7507266474,69.9,male,white,16.0,34.0
63619.6597966112,71.96,male,white,16.0,32.0
56660.0517213774,64.27,female,white,12.0,76.0
80491.7059230187,65.48,female,white,16.0,58.0
159001.929910422,69.42,male,white,18.0,61.0
55744.0702635899,,male,white,13.0,32.0
1019.39370328577,65.85,female,white,12.0,55.0
39166.0892107678,68.19,female,white,12.0,39.0
,64.15,female,white,12.0,34.0
1016.64167481653,63.06,female,white,12.0,64.0
55597.0775538434,73.86,male,white,17.0,47.0
60429.4216733453,72.55,male,white,16.0,78.0
,67.35,male,white,12.0,56.0
8958.40683258562,64.3,female,hispanic,12.0,43.0
,66.72,male,white,18.0,42.0
47782.4465201032,69.45,male,white,12.0,36.0
11338.9470357351,63.76,female,white,15.0,35.0
5765.71378324095,,female,white,16.0,41.0
,65.94,female,white,8.0,57.0
36713.0878336217,69.45,male,white,18.0,73.0
63544.160094039,67.69,male,white,17.0,45.0
47713.2746225333,71.77,male,white,14.0,43.0
998.346114761212,63.09,female,white,14.0,33.0
23257.5590577062,63.09,female,white,12.0,41.0
24843.7923614691,68.86,female,white,12.0,38.0
42347.4010321721,63.75,female,white,18.0,40.0
13720.5614863724,71.45,female,white,12.0,29.0
39159.796830908,63.98,female,black,16.0,31.0
-12.0167137832365,72.08,male,white,8.0,24.0
1013.27147701205,62.27,female,white,12.0,29.0
988.758787012582,65.93,female,white,10.0,42.0
8181.73028203835,65.8,male,white,8.0,71.0
16889.8103273437,60.72,female,white,15.0,29.0
1016.50273906467,69.1,female,white,13.0,23.0
20100.2642571535,68.3,female,white,16.0,36.0
999.845388435426,65.9,female,white,12.0,27.0
79521.0347468327,67.87,male,white,17.0,38.0
37551.8483983486,63.61,female,white,13.0,30.0
1016.37310656959,61.0,female,white,16.0,44.0
63578.5962735478,65.98,male,black,14.0,38.0
10543.6518922358,61.86,female,black,13.0,30.0
8955.40314951583,64.86,female,black,16.0,34.0
174917.848536018,65.81,male,white,18.0,41.0
65089.763788033,72.05,male,hispanic,13.0,36.0
37562.8527389814,62.95,female,white,13.0,82.0
1000.54221572545,63.1,female,white,12.0,36.0
33354.9444670964,69.91,male,white,12.0,27.0
7358.5069793707,62.02,female,white,12.0,33.0
39763.7660650055,71.11,male,white,12.0,40.0
47665.4186748928,69.84,male,white,18.0,50.0
23255.7192646579,64.04,female,white,11.0,55.0
10546.2705351933,63.34,female,white,12.0,39.0
23266.3819801947,65.03,female,white,12.0,50.0
68461.3756361159,70.81,male,white,12.0,31.0
40750.2315198708,61.87,female,white,15.0,37.0
63533.925247467,73.05,male,white,12.0,70.0
103313.622213574,67.86,male,white,17.0,44.0
25439.9094368504,,male,white,15.0,36.0
13715.9034686946,65.99,female,white,12.0,75.0
32795.5150089862,64.02,female,white,15.0,43.0
23259.2826084242,60.01,female,white,14.0,76.0
71637.552888116,67.86,male,white,12.0,78.0
13712.7662216597,61.18,female,white,11.0,76.0
19065.5179466674,66.13,male,white,12.0,32.0
13735.4075238793,63.02,female,white,14.0,35.0
26440.4988768348,62.85,female,white,15.0,36.0
9579.8456488705,73.86,male,white,15.0,77.0
30173.6300852123,69.92,male,white,12.0,36.0
34396.1596986703,68.26,female,white,13.0,43.0
69369.6365028672,69.64,female,white,18.0,50.0
55664.3998002978,69.15,male,white,15.0,25.0
12747.0423371962,69.42,male,white,10.0,79.0
34385.4430522478,62.74,female,white,14.0,45.0
10233.0797957323,65.15,female,white,12.0,34.0
27082.7070995351,68.85,male,white,12.0,50.0
38087.3220223372,68.15,male,white,14.0,53.0
8935.97929440994,62.14,female,white,11.0,75.0
18489.6235991451,65.91,female,white,12.0,27.0
15920.5922048939,65.15,male,white,13.0,31.0
63608.3668031832,70.11,male,white,14.0,40.0
993.515449224117,66.0,female,black,12.0,41.0
63604.6309830045,70.06,male,white,12.0,51.0
39163.5186521581,66.36,female,black,14.0,33.0
38187.4073424178,68.23,male,white,16.0,30.0
31761.6801664963,67.77,male,white,16.0,37.0
95330.5448443733,69.87,male,white,18.0,54.0
18482.8594515788,65.28,female,white,13.0,51.0
8950.51549317265,63.91,female,white,15.0,44.0
43919.1420419723,64.88,female,white,16.0,34.0
141452.613413474,77.21,male,white,16.0,
63665.5948402963,70.36,male,white,14.0,32.0
24859.8151722343,64.15,female,white,16.0,30.0
2581.0429400068,63.83,female,white,14.0,24.0
998.726796716888,62.04,female,white,12.0,32.0
35995.1803431969,64.2,female,white,12.0,64.0
20086.1754557979,63.93,female,white,8.0,52.0
35968.8432808826,63.09,female,white,16.0,32.0
64581.9520540544,57.94,female,black,12.0,60.0
994.323952930143,66.0,female,white,12.0,62.0
64599.9564039253,62.1,female,white,16.0,48.0
995.486049534476,60.97,female,white,13.0,46.0
56649.7673340898,63.61,female,hispanic,14.0,57.0
12129.4184092628,64.22,female,white,12.0,32.0
23257.4531814882,61.35,female,white,12.0,41.0
24849.2645102664,64.06,female,white,12.0,60.0
997.060240519208,66.31,female,black,14.0,35.0
10536.8164690924,66.3,female,white,13.0,38.0
18491.4632477733,68.48,female,black,12.0,45.0
16894.8715844397,63.71,female,white,13.0,35.0
1004.08167170771,62.42,female,white,12.0,63.0
31776.7508647511,71.11,male,white,14.0,45.0
12132.2731355026,62.1,female,white,12.0,77.0
60439.3840685454,67.95,male,white,9.0,50.0
46075.0353918281,67.96,male,white,9.0,62.0
32794.3325793405,62.48,female,white,10.0,48.0
13726.4773008127,63.0,female,white,12.0,61.0
57180.2849042573,69.28,male,white,16.0,55.0
3396.41078804734,67.46,female,white,12.0,48.0
,63.84,female,white,18.0,33.0
39705.6238023595,69.96,male,white,12.0,26.0
20670.4756812433,69.3,male,white,10.0,24.0
47728.0991250952,69.4,male,black,11.0,55.0
11260.2857898754,69.05,male,white,12.0,27.0
50295.0102290679,59.96,female,black,12.0,52.0
24861.2188259363,66.62,female,black,12.0,46.0
987.153288063948,59.86,female,white,18.0,45.0
79449.0780155172,66.77,male,white,16.0,53.0
,66.39,male,white,15.0,24.0
1955.16818716443,69.87,female,black,12.0,22.0
23250.1981515703,63.89,female,black,8.0,55.0
64598.4562971162,59.72,female,other,18.0,39.0
38212.8861850698,68.14,male,white,18.0,40.0
35071.3664810722,73.49,male,black,12.0,28.0
31732.0084520613,71.98,male,white,8.0,40.0
32973.46426248,63.69,female,white,12.0,42.0
19100.6126796045,66.85,male,white,13.0,71.0
66201.6869744607,66.88,female,white,13.0,44.0
20636.4454407762,70.68,male,black,9.0,54.0
1016.75164962538,63.23,female,white,12.0,29.0
95424.9084378097,73.21,male,white,16.0,35.0
38084.9099393145,69.94,male,white,16.0,29.0
60380.5619633035,69.85,male,white,16.0,40.0
5781.36536737211,71.49,female,white,14.0,31.0
21666.0178506817,66.05,female,white,12.0,34.0
7893.44745525963,75.04,male,white,12.0,25.0
32801.7096211093,59.83,female,white,14.0,41.0
34894.9420985275,71.97,male,white,12.0,32.0
990.366789688609,63.08,female,black,16.0,27.0
44509.7431378579,75.11,male,black,9.0,59.0
35983.4557169327,59.68,female,white,12.0,45.0
47725.9251418864,72.54,male,black,12.0,48.0
48687.901309322,64.93,female,black,12.0,36.0
47617.1421807931,67.12,male,white,16.0,35.0
51881.1137290279,60.77,female,white,12.0,73.0
42328.8007934413,69.0,female,white,17.0,47.0
35974.9467608756,64.05,female,white,14.0,38.0
39662.96205847,70.18,male,white,12.0,37.0
18481.473822349,68.24,female,white,10.0,28.0
21658.7263654599,62.09,female,white,12.0,57.0
16913.3676793106,64.15,female,white,15.0,46.0
1002.3923362722,67.76,female,white,12.0,28.0
20068.0607328364,68.05,female,white,12.0,49.0
56.3781338622286,66.18,male,white,13.0,61.0
12123.3789274287,64.22,female,white,11.0,68.0
90527.2378218376,72.92,male,white,14.0,41.0
57196.6301938738,73.38,male,white,16.0,41.0
46069.1445429611,68.71,male,hispanic,14.0,33.0
13727.1703803878,67.87,female,white,13.0,23.0
4831.58925740444,71.34,male,black,11.0,22.0
990.536028389992,63.2,female,white,12.0,68.0
32809.7265515796,66.19,female,white,16.0,45.0
995.475488386213,65.81,female,white,12.0,40.0
52457.2959876668,66.22,male,white,12.0,61.0
24864.5362144608,68.26,female,hispanic,12.0,72.0
25420.1296221833,69.66,male,white,12.0,37.0
8949.60197006944,62.17,female,white,12.0,82.0
13733.774868634,65.98,female,white,14.0,47.0
51874.5737440326,63.0,female,black,16.0,38.0
23102.781191952,74.97,male,white,12.0,28.0
21676.2738975494,66.86,female,white,12.0,33.0
1008.33879197347,62.22,female,white,10.0,24.0
12134.4467282926,63.24,female,white,9.0,29.0
80502.5320404378,65.44,female,black,18.0,69.0
20075.1124669118,68.84,female,black,12.0,39.0
30282.4673070547,71.33,male,white,14.0,65.0
15324.3810807192,62.23,female,white,12.0,59.0
32794.1983616288,64.92,female,black,12.0,39.0
,72.34,male,hispanic,18.0,39.0
16890.3326960442,65.12,female,white,12.0,44.0
21661.0075017285,62.9,female,white,12.0,23.0
32809.6662173545,64.34,female,white,,35.0
47708.8917890766,71.9,male,white,12.0,30.0
20074.666638086,64.39,female,white,12.0,38.0
42347.1664095893,70.17,female,white,13.0,37.0
20882.6809309634,65.09,female,white,12.0,31.0
13706.6343035933,64.38,female,white,12.0,33.0
24851.8480250879,64.12,female,hispanic,16.0,36.0
103274.093507014,67.05,male,white,14.0,29.0
39730.4007784177,,male,white,10.0,25.0
12735.5841473359,73.06,male,hispanic,14.0,25.0
23877.3476332195,65.08,male,other,14.0,25.0
20079.3061155936,64.49,female,white,16.0,44.0
56642.756541816,66.91,female,black,13.0,41.0
63557.9760687751,66.58,male,white,16.0,35.0
46114.9940451608,74.49,male,white,12.0,26.0
24856.1676094287,62.84,female,white,13.0,35.0
31818.6236230481,74.17,male,white,12.0,40.0
4706.62072409605,73.86,male,black,6.0,66.0
2596.37371508954,63.0,female,black,16.0,23.0
13711.4490881715,62.37,female,black,11.0,27.0
8962.85062670136,61.96,female,white,12.0,22.0
,66.75,female,white,16.0,31.0
31860.2747237421,69.1,male,white,12.0,61.0
47719.3361845415,73.1,male,white,12.0,38.0
20084.3187707433,63.03,female,white,12.0,39.0
1009.5439125996,60.19,female,white,12.0,38.0
16895.3990352936,67.24,female,white,14.0,36.0
25455.211936639,68.73,male,white,12.0,23.0
71550.4036773232,70.95,male,white,12.0,33.0
63567.3694572935,72.35,male,white,14.0,58.0
991.402309767381,62.95,female,white,12.0,66.0
39688.5905654115,70.55,male,white,14.0,85.0
31203.6566167839,63.75,female,white,14.0,56.0
28969.5085549037,64.52,female,white,16.0,34.0
11052.2685502736,68.13,male,white,12.0,71.0
47697.1018967501,74.14,male,white,12.0,36.0
29620.4026862233,62.11,female,white,11.0,51.0
40743.0231380484,64.81,female,white,16.0,51.0
1001.39285180773,66.42,female,white,14.0,59.0
10535.5109396086,59.93,female,white,5.0,66.0
111355.582492486,68.96,male,white,18.0,46.0
24855.0354935343,61.2,female,other,16.0,38.0
40753.3280697748,65.17,female,white,17.0,37.0
56670.3273867862,65.88,female,white,16.0,32.0
,70.22,male,white,16.0,28.0
44568.5809689135,72.07,male,black,15.0,34.0
24860.3637743202,63.94,female,hispanic,11.0,25.0
34957.1221747868,71.36,male,hispanic,14.0,32.0
1007.21194874105,62.74,female,white,12.0,33.0
55693.8337608029,72.86,male,white,,34.0
29624.8547880902,64.52,female,black,15.0,50.0
55760.7664723291,67.86,male,white,14.0,41.0
27068.2291862713,63.7,female,black,12.0,25.0
34920.5390609967,66.03,male,black,16.0,41.0
48697.0600361851,67.18,female,white,16.0,62.0
,64.07,female,hispanic,12.0,31.0
40745.341702208,64.09,female,black,14.0,40.0
16899.7657635547,61.94,female,white,,55.0
63679.4040953726,69.43,male,white,12.0,41.0
20859.1253422943,62.89,female,white,12.0,67.0
55622.579497519,71.29,male,white,15.0,49.0
984.500213531472,61.15,female,hispanic,16.0,27.0
166981.025077615,75.23,male,white,12.0,53.0
159024.205461937,70.35,male,white,18.0,44.0
33381.7739759541,68.61,male,white,12.0,55.0
16898.5850156759,63.93,female,white,14.0,60.0
,72.05,male,white,12.0,30.0
41354.4324383427,68.64,male,white,18.0,29.0
96398.2293678427,62.95,female,white,10.0,82.0
28625.3297430993,71.44,male,white,16.0,49.0
24843.1804714277,58.97,female,white,8.0,65.0
8031.69997754504,68.31,male,white,13.0,24.0
95370.5559507232,76.73,male,white,17.0,46.0
20078.7017904862,67.96,female,white,14.0,73.0
44610.2025899329,70.28,male,black,18.0,42.0
66786.5507838122,69.29,male,white,18.0,47.0
4194.42425623004,63.43,female,white,12.0,37.0
31855.1033379246,73.14,male,black,18.0,37.0
44600.1770620232,66.41,male,other,15.0,44.0
15997.5455999182,72.1,male,black,17.0,66.0
69.6914927913448,65.97,male,white,16.0,69.0
49365.2190022763,72.29,male,black,12.0,35.0
28014.3209098335,69.15,female,black,13.0,41.0
26427.6756161573,67.11,female,white,12.0,43.0
56644.6466978089,65.88,female,white,15.0,42.0
5775.40581158023,67.13,female,white,12.0,30.0
26443.0930466471,68.29,female,white,18.0,43.0
56659.1888329205,64.77,female,black,15.0,46.0
43928.4164617031,62.55,female,black,17.0,37.0
39716.9277091473,68.99,male,white,17.0,33.0
1013.14945943267,62.04,female,white,14.0,82.0
63549.4462474664,70.38,male,white,16.0,45.0
72559.7829905608,66.23,female,white,16.0,47.0
22225.1108881337,65.96,male,white,12.0,27.0
40739.3407716587,66.04,female,white,14.0,41.0
63629.7998156167,71.66,male,white,12.0,46.0
54097.4886990852,68.61,male,white,12.0,39.0
63563.485216593,65.94,male,white,,38.0
55702.3014545118,69.1,male,white,14.0,32.0
20079.0535040621,59.9,female,hispanic,12.0,55.0
48710.9197381887,64.89,female,white,17.0,47.0
37562.0541780795,61.81,female,white,12.0,44.0
4169.61756189437,66.73,female,white,12.0,34.0
31923.2309000489,67.11,male,white,14.0,29.0
16911.0248263552,68.29,female,black,9.0,66.0
996.67215235483,64.96,female,black,6.0,71.0
96404.2353809042,65.97,female,black,16.0,47.0
,,male,black,16.0,45.0
40745.0728919601,65.19,female,white,18.0,65.0
35966.4027951844,62.73,female,black,14.0,77.0
998.612844261211,61.64,female,white,12.0,42.0
12787.9070555997,67.82,male,white,17.0,29.0
4195.33627740169,65.65,female,white,16.0,25.0
30577.5151842098,64.93,female,white,16.0,30.0
32797.7152048203,62.44,female,white,14.0,24.0
158979.09115076,72.74,male,white,18.0,41.0
,61.91,female,white,15.0,44.0
42906.4330216585,69.7,male,white,12.0,46.0
2609.64069289783,57.34,female,black,12.0,62.0
28564.2913953672,67.72,male,white,12.0,24.0
,66.98,female,white,14.0,27.0
16886.8514579247,64.44,female,white,12.0,78.0
22206.6211632941,69.86,male,white,14.0,39.0
11491.8443763099,72.53,male,white,14.0,70.0
1023.98892050724,62.99,female,other,8.0,56.0
53464.7050486639,63.3,female,white,17.0,43.0
36578.6173669224,65.62,male,white,12.0,38.0
16888.7393946248,64.78,female,white,12.0,45.0
34939.3171908471,61.12,male,white,12.0,28.0
21659.5418912689,60.56,female,hispanic,12.0,23.0
53459.7469784682,66.74,female,white,12.0,35.0
57150.2428716162,72.79,male,white,12.0,40.0
16898.6413084924,71.17,female,black,14.0,36.0
10547.8916527515,64.19,female,white,12.0,64.0
20090.3525656537,67.44,female,white,12.0,47.0
16900.9336464029,61.76,female,white,11.0,51.0
34400.7901688741,67.26,female,white,12.0,49.0
41363.6776236564,69.02,male,white,12.0,36.0
35991.8855411288,65.97,female,black,12.0,54.0
37571.3742815177,65.72,female,black,15.0,58.0
31883.2552493761,66.22,male,white,15.0,28.0
16910.1847964277,65.99,female,white,13.0,42.0
24824.3894868874,63.89,female,white,,75.0
11207.8912675841,71.87,male,black,14.0,28.0
24859.4210423322,63.83,female,white,12.0,42.0
987.477982853054,64.33,female,white,12.0,64.0
42339.8421394851,64.83,female,white,16.0,38.0
15961.4273011639,71.79,male,white,11.0,35.0
982.925263925835,63.12,female,white,8.0,61.0
4753.87988315343,71.2,male,white,14.0,24.0
43913.668813905,63.72,female,hispanic,17.0,45.0
45521.6194017236,64.0,female,white,17.0,29.0
,66.95,female,white,12.0,31.0
87473.4075168657,75.04,male,white,18.0,34.0
32823.4149412493,65.68,female,hispanic,17.0,30.0
14525.0653532774,67.11,female,white,12.0,48.0
999.7960302637,68.09,female,white,12.0,62.0
47682.5461562175,,male,white,16.0,34.0
1002.43982783669,61.88,female,white,12.0,70.0
32801.265467448,67.96,female,white,12.0,35.0
34947.9182367206,69.77,male,white,6.0,79.0
39823.374123275,67.17,male,white,16.0,30.0
977.095394374498,63.77,female,white,16.0,66.0
4758.44302121065,70.99,male,white,8.0,26.0
26437.6534741544,62.96,female,white,12.0,53.0
1012.99331167704,64.14,female,white,12.0,61.0
16878.8349959772,60.61,female,black,12.0,43.0
24854.9424481381,65.34,female,black,12.0,32.0
44513.8048948285,66.96,male,white,12.0,50.0
50014.1224657651,65.18,male,white,14.0,39.0
150967.87829962,66.3,male,white,,56.0
60411.7997400031,66.64,male,white,12.0,44.0
47660.9252116808,73.89,male,white,12.0,45.0
57055.5653429877,73.95,male,white,16.0,46.0
20096.2174172541,66.07,female,white,13.0,26.0
16908.8113233328,69.12,female,white,16.0,29.0
72543.836019343,66.05,female,white,18.0,48.0
63581.3456537451,74.27,male,white,16.0,60.0
34293.320938979,71.96,male,white,12.0,31.0
22149.5427565164,66.26,male,white,12.0,66.0
60492.1212305534,67.04,male,other,17.0,58.0
2581.8704016655,64.79,female,white,12.0,22.0
22241.3709490266,65.29,male,white,12.0,77.0
24837.2986927913,64.98,female,white,12.0,35.0
1017.15996053443,62.58,female,hispanic,12.0,67.0
39167.7457051747,68.21,female,white,13.0,46.0
,64.15,female,white,16.0,27.0
29627.8442660978,63.68,female,white,16.0,67.0
23260.5391564021,63.15,female,white,12.0,24.0
16903.3551430115,69.06,female,white,12.0,32.0
16108.242172076,66.91,female,white,12.0,36.0
18516.6837641757,63.1,female,white,15.0,70.0
27100.834976173,66.96,male,white,12.0,71.0
10559.4810739797,60.23,female,white,13.0,32.0
4972.0353918892,62.24,female,white,11.0,62.0
63505.6743924597,71.88,male,white,16.0,45.0
996.561743690155,67.74,female,white,14.0,39.0
39706.4175846121,66.88,male,white,16.0,43.0
45523.4974026761,66.0,female,black,15.0,64.0
53471.4323638042,66.07,female,black,12.0,49.0
7370.75164242468,59.64,female,white,,68.0
981.628981126362,67.19,female,white,12.0,33.0
6528.93768232502,65.47,male,white,16.0,34.0
40752.142789777,69.11,female,white,12.0,86.0
50863.956748591,72.15,male,white,12.0,32.0
21674.3140627863,63.41,female,white,8.0,62.0
12698.1310972785,63.81,male,hispanic,8.0,31.0
987.960796526986,61.66,female,other,17.0,30.0
993.15806525758,64.93,female,white,13.0,60.0
28035.9398261196,64.08,female,white,12.0,42.0
24847.9216110984,67.41,female,white,12.0,81.0
28590.2219778065,65.71,male,white,13.0,36.0
19119.2497606979,73.4,male,white,12.0,28.0
11062.216631806,73.87,male,white,7.0,53.0
1006.76154115774,65.63,female,white,12.0,28.0
2909.93805759301,65.08,female,white,14.0,26.0
-27.8768193545869,72.29,male,white,12.0,22.0
1000.22150357482,64.09,female,white,12.0,22.0
22329.158952236,62.91,male,white,12.0,25.0
28028.8492187587,62.85,female,white,12.0,44.0
47765.3406387636,66.04,male,white,12.0,46.0
66.5428358774727,72.38,male,white,10.0,67.0
39678.5326981348,70.12,male,white,12.0,57.0
35978.7787242601,66.07,female,hispanic,12.0,37.0
24857.016024841,62.92,female,white,12.0,25.0
42963.3620053351,72.94,male,white,12.0,95.0
32796.4245622424,63.26,female,white,16.0,30.0
15292.2967766704,68.74,female,white,11.0,38.0
994.593757949998,66.3,female,white,14.0,28.0
27055.6866263278,72.35,male,white,12.0,34.0
3843.76286582021,67.86,female,white,12.0,50.0
29620.1650898871,64.07,female,white,12.0,50.0
40742.5641452661,63.38,female,white,18.0,46.0
31844.6518626703,70.34,male,black,16.0,45.0
120240.278171623,63.8,female,white,15.0,44.0
6555.89914734581,66.3,female,white,12.0,44.0
58227.6431745198,60.76,female,white,12.0,75.0
47685.7793442066,72.2,male,white,12.0,29.0
40734.3058021157,64.77,female,white,13.0,82.0
2593.55740323646,63.79,female,white,14.0,30.0
95457.421242717,67.82,male,white,12.0,70.0
55645.5778949582,73.86,male,white,13.0,80.0
14214.3087953851,67.14,male,white,13.0,37.0
55712.3484320936,70.13,male,white,9.0,88.0
18488.0224412708,66.21,female,white,10.0,62.0
19131.3555361695,70.93,male,white,12.0,56.0
47724.5834057795,70.96,male,white,12.0,47.0
30251.8926549142,71.1,male,black,7.0,61.0
14176.3872529867,73.37,male,white,9.0,65.0
47779.8599237978,75.01,male,white,16.0,33.0
988.016236486753,62.18,female,white,12.0,37.0
14300.4605801796,,male,white,12.0,36.0
24859.7960733726,65.36,female,hispanic,16.0,34.0
13712.5235224073,64.8,female,black,12.0,35.0
16884.77431914,65.91,female,white,10.0,79.0
52499.2752680738,72.14,male,white,12.0,41.0
20095.9029830232,59.98,female,hispanic,12.0,32.0
29623.7009005662,64.12,female,white,15.0,41.0
48698.5250501847,65.0,female,white,13.0,65.0
20884.8217696475,64.94,female,white,12.0,36.0
16892.8740662929,62.1,female,black,12.0,40.0
13622.6093393889,67.76,male,black,13.0,75.0
33357.2798994404,,male,black,14.0,50.0
1003.35472447434,62.98,female,white,12.0,33.0
34397.6269652435,63.58,female,white,12.0,81.0
1000.47251325349,65.81,female,white,13.0,28.0
34389.1320382317,,female,white,17.0,29.0
1003.70654303727,63.1,female,white,13.0,43.0
8951.3872765461,65.83,female,white,12.0,56.0
35977.614797689,70.85,female,white,17.0,40.0
47746.0565649852,72.99,male,white,14.0,30.0
1010.22903182616,64.17,female,white,12.0,32.0
196568.589166955,61.32,female,white,14.0,62.0
13720.6740585699,62.68,female,white,9.0,49.0
1012.3586518629,63.12,female,white,9.0,58.0
994.513680698742,61.78,female,white,8.0,60.0
4180.54604546177,64.29,female,white,9.0,29.0
13080.2480579603,67.15,female,white,6.0,66.0
1002.02384296223,66.59,female,white,12.0,22.0
992.171547840471,60.73,female,white,18.0,49.0
,63.28,female,white,12.0,29.0
55636.6222369252,73.11,male,white,12.0,52.0
24852.5097234656,66.06,female,white,16.0,61.0
7368.26610617647,70.2,female,white,12.0,26.0
25499.5396603811,68.08,male,white,8.0,28.0
1314.20587405782,66.84,female,white,,37.0
36623.3121917525,,male,white,16.0,29.0
26425.9974604264,64.28,female,white,16.0,31.0
982.107472627729,61.11,female,white,12.0,31.0
996.918499717436,66.34,female,white,12.0,56.0
10560.7163277053,59.71,female,white,12.0,53.0
1939.87257570583,59.32,female,white,9.0,50.0
995.580464467877,62.15,female,black,16.0,40.0
996.243150686733,61.78,female,black,14.0,65.0
1003.80414608848,61.56,female,white,12.0,29.0
44447.4099566408,74.83,male,other,16.0,38.0
7371.86019531202,65.92,female,white,8.0,70.0
23907.5056799262,64.37,male,white,12.0,39.0
23797.7513516587,71.15,male,white,12.0,29.0
999.242958614164,60.96,female,white,10.0,39.0
40757.5684534422,63.02,female,white,12.0,34.0
24847.4599106837,67.2,female,white,12.0,30.0
63548.3136161029,69.24,male,white,11.0,48.0
47707.0118820173,69.64,male,white,11.0,55.0
8960.2545578515,66.11,female,white,12.0,33.0
55645.6818546773,73.98,male,white,14.0,38.0
26447.0035703518,65.03,female,white,14.0,35.0
45509.8650510557,63.49,female,white,16.0,44.0
31750.6770282697,68.1,male,white,15.0,46.0
33347.263714708,66.19,male,white,13.0,34.0
27048.7526856383,69.33,male,black,12.0,46.0
39167.6226009284,59.75,female,white,13.0,54.0
,60.61,female,white,12.0,79.0
63566.2328416663,74.98,male,white,12.0,50.0
998.767187740165,63.01,female,hispanic,9.0,27.0
-98.5804890739183,69.12,male,white,13.0,24.0
,66.14,female,white,16.0,67.0
,63.71,female,white,13.0,23.0
31214.718656156,63.03,female,hispanic,15.0,49.0
72540.167389067,66.94,female,white,16.0,73.0
7847.48828249529,,male,black,17.0,37.0
-0.964888977907029,72.17,male,white,14.0,25.0
39165.6797373926,62.96,female,black,14.0,44.0
8939.87426566371,67.04,female,white,14.0,23.0
52519.6301914733,66.08,male,white,16.0,38.0
39148.2239673475,64.56,female,white,14.0,28.0
10524.3333363139,63.36,female,white,13.0,27.0
144086.409334098,65.88,female,white,14.0,59.0
980.298999532855,64.16,female,white,16.0,49.0
91628.4462828987,64.19,female,white,18.0,51.0
21922.3163311986,70.93,male,white,14.0,58.0
47648.579482433,70.72,male,white,18.0,41.0
23809.4477379481,71.85,male,white,12.0,44.0
24860.6466090689,59.96,female,white,14.0,79.0
49236.364512364,69.77,male,white,12.0,33.0
52421.8265274802,73.93,male,white,17.0,44.0
47707.8481763399,67.96,male,white,18.0,65.0
19150.3369351537,74.1,male,white,12.0,42.0
8012.3490716726,74.88,male,white,12.0,26.0
33388.2987658794,67.89,male,white,12.0,63.0
45529.9389713226,62.98,female,white,18.0,50.0
19031.9000979283,71.81,male,white,12.0,35.0
31207.4749542588,63.68,female,white,12.0,50.0
,63.04,female,white,14.0,39.0
,66.18,female,white,13.0,64.0
24852.9189798823,60.98,female,white,13.0,32.0
997.248534885182,61.73,female,white,12.0,33.0
,72.76,male,white,12.0,50.0
8466.49445018308,66.1,female,black,12.0,82.0
1007.99494108658,68.26,female,white,12.0,22.0
16124.9628676755,62.28,female,white,12.0,69.0
2634.96424437502,65.16,male,white,12.0,26.0
990.082696774432,63.19,female,white,14.0,47.0
9576.38819748704,62.32,female,white,12.0,35.0
15892.2091978625,68.15,male,white,12.0,35.0
40744.8747647464,59.15,female,white,15.0,87.0
998.925444353651,62.21,female,white,12.0,43.0
1013.52477383429,64.5,female,white,9.0,67.0
56656.301330095,68.12,female,white,16.0,47.0
,62.53,female,white,18.0,48.0
67762.2226156826,63.24,female,white,12.0,44.0
71609.0662816366,67.85,male,white,12.0,62.0
88453.5952587809,63.83,female,white,12.0,55.0
,69.89,female,white,16.0,34.0
39858.0562950258,69.96,male,white,,35.0
30161.9293463618,72.16,male,white,12.0,32.0
60431.9169106581,69.34,male,white,11.0,54.0
24850.196030533,63.19,female,white,14.0,41.0
8162.68267176858,58.09,female,white,5.0,89.0
153635.749804599,62.98,female,white,14.0,31.0
18497.9558645746,63.11,female,white,12.0,51.0
14306.4307247277,72.86,male,white,15.0,38.0
8945.55105069553,68.91,female,white,14.0,28.0
79540.6463287231,69.52,male,white,12.0,55.0
1007.91101944059,65.89,female,white,12.0,63.0
984.047256808445,65.91,female,white,16.0,66.0
10537.4648191351,64.96,female,white,13.0,48.0
158930.467358879,72.38,male,white,13.0,26.0
27220.0059304223,62.05,female,white,13.0,50.0
-25.6552603659183,68.9,male,white,12.0,22.0
50877.7761685217,71.69,male,white,14.0,44.0
47709.3292637674,73.13,male,white,18.0,45.0
16906.6360987587,68.19,female,white,16.0,46.0
,63.62,female,white,12.0,39.0
24875.871655644,65.8,female,white,12.0,23.0
11339.3623934459,59.92,female,white,8.0,87.0
42345.881829433,60.31,female,white,18.0,67.0
28003.467467509,,female,white,12.0,63.0
35979.2002268293,62.73,female,other,18.0,63.0
16904.9984512194,64.38,female,white,12.0,45.0
79523.4868411869,70.81,male,white,14.0,62.0
31790.3006737847,67.43,male,white,12.0,39.0
,66.78,female,white,13.0,63.0
1641.84246580928,62.86,female,white,12.0,35.0
26433.7795557355,64.82,female,white,14.0,63.0
16876.3917770673,65.85,female,white,12.0,70.0
23262.3062737323,63.38,female,white,13.0,62.0
8935.22287731831,65.04,female,white,15.0,24.0
63570.4143675579,73.88,male,white,16.0,38.0
8930.78455644505,67.27,female,white,13.0,59.0
40751.7835298215,67.65,female,white,17.0,51.0
20091.5964444871,65.17,female,white,12.0,55.0
93232.672427805,63.72,female,white,16.0,38.0
29632.3100863834,67.94,female,white,16.0,30.0
1578.5428138958,64.53,male,white,12.0,22.0
33433.936468524,72.24,male,white,17.0,51.0
17505.4454560322,65.73,male,black,12.0,66.0
21663.0043154502,63.69,female,white,12.0,40.0
991.995620972514,63.63,female,white,12.0,57.0
32809.6326770138,59.61,female,other,16.0,92.0
39829.3235077431,72.52,male,black,12.0,39.0
1945.44501302122,63.78,female,white,12.0,47.0
39693.929061593,67.03,male,black,14.0,30.0
57292.9968450935,68.0,male,white,12.0,32.0
24854.1042055616,64.02,female,other,13.0,37.0
6566.2571368786,66.16,female,white,12.0,55.0
31215.7499939053,64.55,female,white,16.0,38.0
98558.7781026767,70.02,male,white,14.0,58.0
39773.2440613475,69.94,male,white,12.0,46.0
79507.9870618854,65.79,male,white,12.0,56.0
1002.60049928122,64.24,female,white,,32.0
1001.6664823116,,female,white,13.0,30.0
63533.3407303505,66.06,male,white,12.0,65.0
,74.15,male,white,18.0,30.0
35981.5108645561,62.35,female,white,12.0,52.0
34393.3511714037,65.53,female,white,17.0,43.0
10719.1973744773,61.53,female,white,12.0,69.0
48700.4850032987,64.8,female,black,18.0,68.0
10526.1893318709,63.02,female,white,12.0,82.0
42872.2640087328,71.38,male,white,16.0,33.0
7378.63016606156,66.01,female,white,16.0,46.0
8026.64579441285,62.04,female,other,6.0,76.0
999.878661556705,61.82,female,white,12.0,80.0
8942.80671590728,62.97,female,white,10.0,91.0
1020.85471771991,64.72,female,white,9.0,79.0
71538.2893319736,67.4,male,white,18.0,44.0
29637.2679715432,60.78,female,white,14.0,49.0
10538.7447239525,65.8,female,white,15.0,26.0
988.161628283781,61.2,female,white,12.0,53.0
22252.8993931606,71.68,male,white,12.0,28.0
56644.8967699588,69.27,female,white,14.0,28.0
24852.1695267614,64.25,female,white,16.0,33.0
20074.4189766833,62.75,female,black,,33.0
2600.43525202508,60.24,female,white,12.0,51.0
,69.42,male,black,15.0,37.0
2396.14778671762,73.13,male,white,12.0,23.0
5768.44503437889,65.09,female,black,16.0,
56642.4364407088,63.69,female,white,12.0,46.0
990.807712176254,63.03,female,white,12.0,49.0
998.671567646385,62.86,female,white,16.0,33.0
111205.855063134,72.18,male,white,15.0,52.0
34399.7622930359,66.98,female,white,16.0,32.0
79576.5419400654,68.85,male,white,11.0,22.0
23824.410492409,70.75,male,white,9.0,25.0
-56.3219788355347,67.81,male,hispanic,10.0,22.0
-66.1283004678617,72.92,male,black,12.0,24.0
15316.9897842259,65.87,female,black,8.0,39.0
16906.2841715607,63.17,female,black,14.0,29.0
1013.91240595871,65.3,female,white,12.0,64.0
47740.831040028,70.88,male,white,12.0,51.0
25452.1338955757,72.11,male,white,14.0,25.0
31876.5784243398,67.72,male,white,12.0,55.0
1003.37176812386,63.82,female,white,12.0,49.0
158996.080700412,71.83,male,white,17.0,58.0
16889.9869050085,65.61,female,white,12.0,47.0
55635.3843796645,66.11,male,white,14.0,67.0
12115.9173222928,64.71,female,white,16.0,35.0
1007.2504839221,65.0,female,white,12.0,66.0
1010.4634170377,66.17,female,white,12.0,56.0
991.124467831543,64.87,female,white,11.0,42.0
12721.3377336341,71.39,male,black,14.0,31.0
,74.38,male,white,10.0,54.0
39764.5300001007,69.77,male,white,9.0,51.0
40740.013906102,63.82,female,white,14.0,49.0
47770.8224810453,,male,white,14.0,52.0
25.5073793326888,66.02,male,white,12.0,30.0
77311.9389631547,62.62,female,white,18.0,38.0
28041.3399828982,68.02,female,white,12.0,50.0
1005.83847378064,70.7,female,white,8.0,74.0
41433.6591116814,72.86,male,white,16.0,28.0
16896.3080934012,63.35,female,white,12.0,65.0
995.746579569306,65.19,female,white,11.0,61.0
95351.2060008194,71.05,male,white,18.0,57.0
35978.3615194746,65.36,female,white,18.0,33.0
10861.0922840824,,female,white,13.0,87.0
39168.2941872203,65.22,female,white,16.0,36.0
31789.2198043854,71.41,male,white,14.0,44.0
12137.2448273531,69.85,female,white,14.0,34.0
-30.4235024585596,72.38,male,black,12.0,23.0
48688.9297482258,67.71,female,black,16.0,52.0
37563.434273142,65.88,female,white,18.0,32.0
32821.1936901775,63.71,female,white,12.0,44.0
5780.073674992,66.19,female,white,16.0,33.0
999.631035696323,62.82,female,white,12.0,35.0
47782.6325430195,70.35,male,white,16.0,45.0
20075.6765540308,64.23,female,white,14.0,27.0
993.395992495505,66.15,female,white,7.0,45.0
1025.01290254845,,female,white,10.0,41.0
63513.1027353022,71.25,male,white,12.0,42.0
24859.9457977036,64.02,female,white,14.0,27.0
58225.6117358599,62.42,female,white,16.0,49.0
16889.6611198725,65.5,female,white,12.0,57.0
995.554489598849,63.08,female,white,11.0,69.0
21669.2484450363,67.98,female,white,14.0,52.0
1009.76704604544,64.88,female,white,12.0,63.0
1010.98136569577,60.61,female,white,,45.0
16894.2835398117,61.77,female,black,12.0,31.0
47695.1950625972,68.89,male,black,12.0,41.0
36593.6932422507,64.16,male,white,13.0,36.0
31833.0641657761,69.63,male,white,17.0,72.0
31216.472797982,64.6,female,white,13.0,86.0
31818.0117641456,61.21,male,black,11.0,70.0
44466.4806466349,63.44,male,black,14.0,67.0
21681.934597577,65.14,female,white,10.0,84.0
19119.584235378,63.61,male,white,12.0,79.0
31760.3097497459,69.06,male,white,11.0,27.0
39789.4734194548,73.88,male,white,12.0,34.0
40735.5821116565,67.8,female,white,13.0,56.0
1004.34436591698,67.65,female,white,12.0,38.0
1014.45045553044,64.91,female,white,,45.0
29620.997007219,66.87,female,white,16.0,44.0
988.565070198681,64.71,female,white,12.0,22.0
995.374617537821,64.18,female,white,18.0,50.0
10529.7506464015,62.09,female,white,10.0,72.0
25427.4001595129,72.05,male,white,13.0,27.0
71514.3289230531,73.05,male,white,16.0,42.0
39806.8521692602,69.94,male,white,14.0,73.0
20073.7156480621,63.99,female,white,14.0,42.0
4160.53105497259,67.87,female,white,12.0,22.0
16890.6172628713,62.86,female,white,12.0,22.0
22286.8004109747,71.18,male,white,12.0,40.0
,64.41,female,white,12.0,35.0
,67.35,female,white,11.0,41.0
16901.8264738142,59.77,female,white,12.0,43.0
2919.12600531874,65.51,female,white,4.0,68.0
24850.8308644127,59.01,female,white,14.0,66.0
16900.745158091,62.86,female,white,13.0,68.0
3163.02291068586,,male,white,12.0,22.0
1006.01762644208,66.21,female,white,12.0,39.0
7365.5038036505,64.7,female,white,13.0,37.0
16894.0221460191,63.96,female,white,14.0,36.0
3393.78999839327,65.78,female,white,12.0,27.0
28624.1716370336,66.33,male,hispanic,17.0,30.0
,72.99,male,white,15.0,28.0
44524.6055045838,71.76,male,white,16.0,30.0
16913.9983227796,74.3,female,white,14.0,26.0
5772.98208580172,65.06,female,white,16.0,26.0
999.23673707007,63.53,female,white,14.0,35.0
19020.2126342116,71.06,male,white,12.0,25.0
31197.9028766208,68.08,female,white,13.0,49.0
1008.02183926421,61.35,female,white,12.0,37.0
57262.115767785,69.77,male,white,,43.0
12154.012468166,64.19,female,white,16.0,63.0
56655.8520466265,59.16,female,white,11.0,38.0
63508.2745013848,68.27,male,white,18.0,47.0
23896.1225958883,68.31,male,white,14.0,29.0
,69.24,female,white,13.0,47.0
40744.0142293539,69.02,female,white,14.0,59.0
44511.8388677947,75.02,male,white,18.0,42.0
35056.1897433602,68.75,male,white,14.0,39.0
34166.1588166956,72.1,male,black,13.0,28.0
5771.77114883749,68.35,female,white,12.0,27.0
36577.5114386126,,male,white,13.0,32.0
28718.2050356153,71.88,male,white,12.0,77.0
31709.3453051173,66.61,male,white,16.0,75.0
26432.0238638548,63.23,female,hispanic,12.0,50.0
23817.843746481,68.62,male,white,12.0,30.0
85268.6446916847,62.85,female,hispanic,17.0,36.0
41349.9483732802,71.99,male,white,12.0,31.0
7364.53214004544,64.81,female,other,12.0,32.0
15809.0448761028,72.98,male,white,16.0,63.0
68330.0291746917,69.06,male,white,12.0,55.0
27130.7019128214,69.07,male,other,14.0,37.0
7363.69743087666,60.66,female,hispanic,12.0,42.0
79485.8854920863,72.8,male,white,15.0,52.0
,67.03,female,white,18.0,55.0
45507.9788477399,62.91,female,white,16.0,45.0
998.429683373758,66.09,female,white,12.0,52.0
8951.01665799154,61.87,female,white,14.0,52.0
29614.9483149486,65.05,female,white,13.0,53.0
33385.6491294888,71.65,male,hispanic,15.0,66.0
20085.6872462914,66.91,female,white,12.0,37.0
53481.8611190695,65.46,female,hispanic,16.0,66.0
79582.9722445708,71.73,male,hispanic,13.0,68.0
10543.0059825721,65.35,female,hispanic,9.0,78.0
,63.98,female,white,14.0,63.0
55665.7385965739,67.76,male,white,12.0,54.0
40750.9588661231,68.43,female,white,12.0,47.0
31779.0524294819,75.89,male,white,14.0,30.0
29618.6709435351,63.28,female,white,12.0,40.0
54032.4163361492,73.66,male,white,14.0,82.0
39720.1169340478,67.95,male,white,16.0,29.0
31789.5496754198,72.13,male,white,17.0,81.0
52556.6622479844,68.05,male,white,12.0,73.0
7362.32469627059,65.15,female,white,12.0,77.0
32821.7394367105,59.85,female,white,8.0,81.0
63629.1436845868,71.62,male,white,16.0,37.0
23272.6828309175,63.92,female,white,14.0,44.0
20070.4266821973,68.19,female,white,12.0,52.0
40752.7857873425,60.68,female,white,12.0,35.0
112293.228459904,67.16,female,white,10.0,76.0
61431.2358244234,67.35,female,white,17.0,59.0
23273.0643236029,62.89,female,white,12.0,32.0
1005.66857107228,63.08,female,white,15.0,37.0
24867.3944914387,59.74,female,white,13.0,41.0
27052.3145447836,74.2,male,white,16.0,35.0
95353.794962225,69.22,male,white,14.0,70.0
24862.3904718197,66.82,female,white,15.0,73.0
39757.9472100514,64.79,male,white,16.0,90.0
28612.7898884795,62.2,male,hispanic,12.0,67.0
-1.50936964863578,64.92,male,white,12.0,59.0
111285.63662324,72.19,male,white,18.0,51.0
987.783751585589,66.04,female,hispanic,11.0,53.0
48687.8484753642,65.16,female,white,18.0,63.0
13713.7442426761,61.86,female,white,12.0,55.0
47740.9784984125,70.87,male,white,16.0,38.0
998.743384307228,62.2,female,white,11.0,30.0
42941.4351052398,71.11,male,white,14.0,36.0
74706.6532959308,70.24,male,white,18.0,47.0
19037.4454862462,67.15,male,hispanic,,26.0
39157.7510357454,62.05,female,white,17.0,38.0
21664.6599424119,63.05,female,hispanic,12.0,39.0
128217.042224129,60.94,female,white,14.0,41.0
7935.49480666059,71.42,male,white,12.0,22.0
1001.90663270767,64.92,female,white,12.0,32.0
,63.15,female,white,10.0,64.0
44533.1100039177,66.12,male,white,12.0,48.0
13695.752850286,64.1,female,white,15.0,24.0
16880.9998315911,65.96,female,white,13.0,55.0
15296.7303638123,68.23,female,white,14.0,45.0
32784.8272263708,60.26,female,white,12.0,41.0
19053.5691050415,65.21,male,white,12.0,75.0
24854.2306409617,64.69,female,white,14.0,70.0
32789.3796661253,60.64,female,white,14.0,40.0
45525.7374951262,64.01,female,white,14.0,40.0
1432.29097374576,65.79,female,white,15.0,25.0
55693.5517533498,68.99,male,white,14.0,78.0
42341.556083029,65.93,female,hispanic,14.0,36.0
43933.8280668161,66.67,female,white,17.0,38.0
23263.2462506252,68.63,female,white,12.0,34.0
50908.8970813513,65.76,male,white,16.0,37.0
16906.3460390581,68.97,female,white,14.0,36.0
11121.5282649971,69.72,male,white,16.0,34.0
44492.4222581206,71.03,male,white,17.0,50.0
95400.5609817628,73.8,male,white,13.0,58.0
19050.8316923704,68.91,male,white,4.0,66.0
1013.52622790713,65.0,female,white,13.0,67.0
,65.21,female,white,12.0,50.0
24857.5303329462,74.88,female,white,13.0,79.0
23863.0123251893,71.57,male,white,11.0,67.0
42322.0737112319,64.12,female,white,15.0,36.0
992.885672062796,58.99,female,black,12.0,47.0
-49.5976242316242,70.96,male,other,12.0,24.0
41288.4230868218,71.91,male,hispanic,16.0,29.0
30767.8461101159,,female,black,10.0,40.0
1001.49804266558,68.29,female,black,12.0,26.0
20079.5574272996,63.8,female,black,12.0,77.0
127226.599652973,69.95,male,white,17.0,43.0
77309.5329351063,66.06,female,white,13.0,43.0
28575.3855635215,62.05,male,other,16.0,31.0
135137.686883976,70.25,male,white,15.0,69.0
56657.6081257394,64.13,female,black,12.0,51.0
8027.18531618615,68.63,male,white,16.0,26.0
15309.4702056486,63.81,female,hispanic,13.0,26.0
48708.1791232664,66.66,female,white,16.0,31.0
127277.492490206,72.18,male,white,14.0,62.0
56642.969612385,65.09,female,white,16.0,36.0
20084.6692833515,62.95,female,white,14.0,38.0
317949.127955061,70.24,male,white,,38.0
7375.92570936378,63.98,female,white,16.0,49.0
3199.96325523417,68.07,male,white,12.0,22.0
39169.1000544924,66.02,female,white,,73.0
3128.40045423806,65.48,male,hispanic,15.0,27.0
23908.082328374,70.4,male,white,17.0,34.0
10533.1039963861,61.49,female,white,,69.0
7869.85708849864,65.83,male,white,12.0,79.0
,65.86,female,hispanic,12.0,25.0
45509.3990429654,63.86,female,white,18.0,52.0
15290.2441182621,69.81,female,white,12.0,39.0
95402.6598745111,74.25,male,white,14.0,56.0
1889.14088316683,66.1,male,white,12.0,23.0
3224.43607582189,62.09,female,hispanic,3.0,68.0
12132.5027696978,65.95,female,white,13.0,47.0
34398.5804366668,62.01,female,white,12.0,35.0
69966.2128885529,68.9,male,white,12.0,62.0
46143.8478216483,68.08,male,black,16.0,40.0
4767.09597374661,72.33,male,hispanic,14.0,22.0
19086.1244824656,64.04,male,black,13.0,26.0
988.878651448201,64.1,female,black,16.0,23.0
1000.68811662548,59.57,female,hispanic,9.0,43.0
31859.9039539382,72.28,male,hispanic,12.0,32.0
2912.61685643064,61.72,female,black,5.0,77.0
58812.5554780609,74.52,male,white,16.0,29.0
12721.5684022168,65.93,male,other,10.0,64.0
55596.6235470168,68.04,male,hispanic,16.0,34.0
39687.7203364583,61.89,male,other,14.0,41.0
29600.80026329,71.22,female,white,10.0,33.0
48698.5173261034,62.99,female,black,16.0,40.0
31762.5194770489,68.73,male,white,18.0,73.0
19176.3341880439,70.83,male,hispanic,6.0,44.0
1003.94818935734,64.17,female,hispanic,12.0,69.0
16898.1539759619,66.07,female,white,12.0,72.0
28592.6154784873,72.31,male,white,14.0,52.0
986.165728698769,62.46,female,hispanic,15.0,63.0
31868.4793403152,71.49,male,black,12.0,30.0
50293.3455419254,67.94,female,white,16.0,47.0
9521.39185162996,64.41,male,hispanic,10.0,40.0
1004.20977744948,64.37,female,white,12.0,42.0
19095.2615453343,69.52,male,white,13.0,44.0
21672.4590284355,65.56,female,white,16.0,37.0
42342.1759299248,67.01,female,white,17.0,38.0
24857.4413604567,67.82,female,black,11.0,35.0
48694.1241676915,64.07,female,white,17.0,32.0
4199.25482208603,65.01,female,white,14.0,45.0
7876.23087159809,69.78,male,other,13.0,26.0
85249.2838792362,71.28,female,white,14.0,30.0
993.735798257432,63.83,female,white,12.0,40.0
4159.03322157321,61.54,female,white,13.0,22.0
39787.6214099871,70.48,male,white,17.0,33.0
8056.63501215389,73.65,male,white,12.0,22.0
34382.0740264456,64.86,female,white,13.0,31.0
28038.3578937832,70.0,female,white,15.0,31.0
20087.0438961784,63.81,female,white,13.0,41.0
66771.7539282786,70.25,male,hispanic,14.0,48.0
33417.5208538918,74.3,male,white,12.0,37.0
10531.9881266657,63.14,female,hispanic,12.0,69.0
994.515746507949,59.23,female,hispanic,12.0,50.0
39790.7425975321,73.85,male,white,14.0,28.0
5753.10762270653,66.17,female,white,14.0,23.0
6722.68142995174,64.94,female,white,15.0,71.0
6373.6175685778,70.59,male,white,12.0,23.0
31879.3535269404,69.07,male,white,14.0,62.0
82711.753363371,60.14,male,white,15.0,54.0
96406.7613267083,64.37,female,white,12.0,47.0
24839.6398412734,,female,white,13.0,45.0
143040.708851371,,male,white,16.0,54.0
42349.1938093216,61.38,female,white,14.0,69.0
1013.28842229702,62.68,female,hispanic,13.0,36.0
3153.35665292635,69.16,male,white,12.0,25.0
26434.5026070359,66.82,female,white,12.0,65.0
39165.9289402853,65.15,female,hispanic,11.0,31.0
23905.6894085143,67.55,male,hispanic,16.0,32.0
66770.3896483816,74.1,male,white,17.0,47.0
1007.81676112648,62.35,female,white,15.0,52.0
16902.2396528115,64.83,female,white,12.0,47.0
27044.398985041,70.96,male,hispanic,13.0,40.0
48702.1770934611,64.03,female,white,14.0,38.0
1000.8856431763,64.92,female,white,16.0,26.0
51874.2088709548,68.84,female,white,17.0,41.0
58234.5809653042,63.6,female,hispanic,17.0,38.0
15865.7268275005,71.9,male,hispanic,13.0,24.0
32792.0539545984,63.12,female,white,15.0,33.0
39160.158504899,64.93,female,white,12.0,33.0
27043.6720522342,72.12,male,white,12.0,36.0
37592.311734899,64.49,female,white,14.0,52.0
40747.9655119059,63.91,female,white,12.0,37.0
79603.4564638413,71.36,male,white,12.0,54.0
1006.46990206972,63.48,female,white,14.0,43.0
32793.912006464,61.82,female,white,12.0,34.0
48693.2024538462,66.01,female,white,16.0,37.0
12137.6764657013,63.95,female,white,10.0,43.0
11176.0659373347,66.99,male,white,10.0,82.0
47774.2522227392,67.79,male,white,11.0,36.0
5761.17534334497,66.38,female,white,12.0,28.0
32799.1446940046,65.97,female,white,14.0,47.0
64607.9618716391,65.68,female,white,16.0,
15899.4031550977,67.02,male,white,12.0,81.0
25361.8283789109,66.1,male,white,12.0,41.0
,63.27,female,white,9.0,55.0
26432.8864567014,67.89,female,white,13.0,47.0
28644.500098047,70.32,male,white,12.0,31.0
20065.0827364581,62.98,female,white,16.0,30.0
6354.84212675623,70.09,male,black,14.0,25.0
95416.6067984548,71.92,male,white,12.0,49.0
68428.9230580318,74.92,male,white,17.0,44.0
50299.0512923305,61.97,female,white,14.0,43.0
80518.409375972,67.98,female,white,,43.0
43919.8943431691,68.18,female,white,14.0,33.0
47712.4409351132,69.85,male,white,17.0,60.0
19182.6074308127,73.26,male,black,13.0,25.0
987.26513123966,69.01,female,white,16.0,43.0
32798.0511760252,62.37,female,white,17.0,34.0
24849.1932942171,60.3,female,black,12.0,80.0
40757.9350769351,64.17,female,other,16.0,41.0
4184.2226846731,60.19,female,hispanic,6.0,71.0
4755.73650797254,72.94,male,hispanic,15.0,24.0
175901.453597818,65.9,female,other,18.0,52.0
87473.9687783999,68.82,male,white,18.0,75.0
92205.596105924,69.62,male,white,18.0,57.0
16905.5578510981,70.08,female,white,16.0,40.0
30173.3803632981,71.68,male,white,12.0,33.0
24853.5195136729,61.31,female,white,18.0,86.0
13710.6713116427,63.64,female,white,12.0,37.0
95426.0144102907,71.65,male,white,12.0,54.0
9575.46185684499,68.22,male,white,12.0,31.0
